provstate,Vacancy,iyear
Alabama,70.5,1993
Alaska,56,1993
Arizona,69.6,1993
Arkansas,70.8,1993
California,56.8,1993
Colorado,62.3,1993
Connecticut,65,1993
Delaware,74.4,1993
District of Columbia,36.4,1993
Florida,66,1993
Georgia,66.8,1993
Hawaii,53.2,1993
Idaho,72.5,1993
Illinois,62.3,1993
Indiana,69,1993
Iowa,68.6,1993
Kansas,69.3,1993
Kentucky,69,1993
Louisiana,65.8,1993
Maine,72.1,1993
Maryland,65.8,1993
Massachusetts,61.2,1993
Michigan,72.6,1993
Minnesota,66.2,1993
Mississippi,69.9,1993
Missouri,66.8,1993
Montana,70,1993
Nebraska,68,1993
Nevada,56.2,1993
New Hampshire,65.7,1993
New Jersey,65.2,1993
New Mexico,69.5,1993
New York,53.5,1993
North Carolina,69.1,1993
North Dakota,63.1,1993
Ohio,68.8,1993
Oklahoma,70.7,1993
Oregon,64.1,1993
Pennsylvania,72.3,1993
Rhode Island,58.1,1993
South Carolina,71.4,1993
South Dakota,66.1,1993
Tennessee,64.4,1993
Texas,59.3,1993
Utah,69.4,1993
Vermont,68.5,1993
Virginia,68.8,1993
Washington,63.5,1993
West Virginia,73.6,1993
Wisconsin,66,1993
Wyoming,67.6,1993
Alabama,68.5,1994
Alaska,58.8,1994
Arizona,67.7,1994
Arkansas,68.1,1994
California,55.5,1994
Colorado,62.9,1994
Connecticut,63.8,1994
Delaware,70.5,1994
District of Columbia,37.8,1994
Florida,65.7,1994
Georgia,63.4,1994
Hawaii,52.3,1994
Idaho,70.7,1994
Illinois,64.2,1994
Indiana,68.4,1994
Iowa,70.1,1994
Kansas,69,1994
Kentucky,70.6,1994
Louisiana,65.8,1994
Maine,72.6,1994
Maryland,64.1,1994
Massachusetts,60.6,1994
Michigan,72,1994
Minnesota,68.9,1994
Mississippi,69.2,1994
Missouri,68.4,1994
Montana,68.8,1994
Nebraska,68,1994
Nevada,55.8,1994
New Hampshire,65.1,1994
New Jersey,64.1,1994
New Mexico,66.8,1994
New York,52.5,1994
North Carolina,68.7,1994
North Dakota,63.3,1994
Ohio,67.4,1994
Oklahoma,68.5,1994
Oregon,63.9,1994
Pennsylvania,71.8,1994
Rhode Island,56.5,1994
South Carolina,72,1994
South Dakota,66.4,1994
Tennessee,65.2,1994
Texas,59.7,1994
Utah,69.3,1994
Vermont,69.4,1994
Virginia,69.3,1994
Washington,62.4,1994
West Virginia,73.7,1994
Wisconsin,64.2,1994
Wyoming,65.8,1994
Alabama,70,1995
Alaska,59.2,1995
Arizona,66.4,1995
Arkansas,68.5,1995
California,55.8,1995
Colorado,63.2,1995
Connecticut,65.9,1995
Delaware,72.1,1995
District of Columbia,38.2,1995
Florida,66.3,1995
Georgia,66.5,1995
Hawaii,52,1995
Idaho,71.5,1995
Illinois,64.9,1995
Indiana,70.5,1995
Iowa,70.5,1995
Kansas,68.6,1995
Kentucky,70.9,1995
Louisiana,65.5,1995
Maine,73.7,1995
Maryland,65.6,1995
Massachusetts,61.2,1995
Michigan,72.6,1995
Minnesota,70.2,1995
Mississippi,70.7,1995
Missouri,68.5,1995
Montana,69.1,1995
Nebraska,67.6,1995
Nevada,57.7,1995
New Hampshire,65.3,1995
New Jersey,64.6,1995
New Mexico,67.8,1995
New York,52.9,1995
North Carolina,69.4,1995
North Dakota,64.9,1995
Ohio,68.5,1995
Oklahoma,69.2,1995
Oregon,63.7,1995
Pennsylvania,71.9,1995
Rhode Island,57.1,1995
South Carolina,72.1,1995
South Dakota,66.8,1995
Tennessee,66.1,1995
Texas,60.3,1995
Utah,70.5,1995
Vermont,69.4,1995
Virginia,68.9,1995
Washington,63,1995
West Virginia,73.9,1995
Wisconsin,66.1,1995
Wyoming,67.1,1995
Alabama,71,1996
Alaska,62.9,1996
Arizona,62,1996
Arkansas,66.6,1996
California,55,1996
Colorado,64.5,1996
Connecticut,69,1996
Delaware,71.5,1996
District of Columbia,40.4,1996
Florida,67.1,1996
Georgia,69.3,1996
Hawaii,50.6,1996
Idaho,71.4,1996
Illinois,68.2,1996
Indiana,74.2,1996
Iowa,72.8,1996
Kansas,67.5,1996
Kentucky,73.2,1996
Louisiana,64.9,1996
Maine,76.5,1996
Maryland,66.9,1996
Massachusetts,61.7,1996
Michigan,73.3,1996
Minnesota,75.4,1996
Mississippi,73,1996
Missouri,70.2,1996
Montana,68.6,1996
Nebraska,66.8,1996
Nevada,61.1,1996
New Hampshire,65,1996
New Jersey,64.6,1996
New Mexico,67.1,1996
New York,52.7,1996
North Carolina,70.4,1996
North Dakota,68.2,1996
Ohio,69.2,1996
Oklahoma,68.4,1996
Oregon,63.1,1996
Pennsylvania,71.7,1996
Rhode Island,56.6,1996
South Carolina,72.9,1996
South Dakota,67.8,1996
Tennessee,68.8,1996
Texas,61.8,1996
Utah,72.7,1996
Vermont,70.3,1996
Virginia,68.5,1996
Washington,63.1,1996
West Virginia,74.3,1996
Wisconsin,68.2,1996
Wyoming,68,1996
Alabama,71.3,1997
Alaska,67.2,1997
Arizona,63,1997
Arkansas,66.7,1997
California,55.7,1997
Colorado,64.1,1997
Connecticut,68.1,1997
Delaware,69.2,1997
District of Columbia,42.5,1997
Florida,66.9,1997
Georgia,70.9,1997
Hawaii,50.2,1997
Idaho,72.3,1997
Illinois,68.1,1997
Indiana,74.1,1997
Iowa,72.7,1997
Kansas,66.5,1997
Kentucky,75,1997
Louisiana,66.4,1997
Maine,74.9,1997
Maryland,70.5,1997
Massachusetts,62.3,1997
Michigan,73.3,1997
Minnesota,75.4,1997
Mississippi,73.7,1997
Missouri,70.5,1997
Montana,67.5,1997
Nebraska,66.7,1997
Nevada,61.2,1997
New Hampshire,66.8,1997
New Jersey,63.1,1997
New Mexico,69.6,1997
New York,52.6,1997
North Carolina,70.2,1997
North Dakota,68.1,1997
Ohio,69,1997
Oklahoma,68.5,1997
Oregon,61,1997
Pennsylvania,73.3,1997
Rhode Island,58.7,1997
South Carolina,74.1,1997
South Dakota,67.6,1997
Tennessee,70.2,1997
Texas,61.5,1997
Utah,72.5,1997
Vermont,69.1,1997
Virginia,68.4,1997
Washington,62.9,1997
West Virginia,74.6,1997
Wisconsin,68.3,1997
Wyoming,67.6,1997
Alabama,72.9,1998
Alaska,66.3,1998
Arizona,64.3,1998
Arkansas,66.7,1998
California,56,1998
Colorado,65.2,1998
Connecticut,69.3,1998
Delaware,71,1998
District of Columbia,40.3,1998
Florida,66.9,1998
Georgia,71.2,1998
Hawaii,52.8,1998
Idaho,72.6,1998
Illinois,68,1998
Indiana,72.6,1998
Iowa,72.1,1998
Kansas,66.7,1998
Kentucky,75.1,1998
Louisiana,66.6,1998
Maine,74.6,1998
Maryland,68.7,1998
Massachusetts,61.3,1998
Michigan,74.4,1998
Minnesota,75.4,1998
Mississippi,75.1,1998
Missouri,70.7,1998
Montana,68.6,1998
Nebraska,69.9,1998
Nevada,61.4,1998
New Hampshire,69.6,1998
New Jersey,63.1,1998
New Mexico,71.3,1998
New York,52.8,1998
North Carolina,71.3,1998
North Dakota,68,1998
Ohio,70.7,1998
Oklahoma,69.7,1998
Oregon,63.4,1998
Pennsylvania,73.9,1998
Rhode Island,59.8,1998
South Carolina,76.6,1998
South Dakota,67.3,1998
Tennessee,71.3,1998
Texas,62.5,1998
Utah,73.7,1998
Vermont,69.1,1998
Virginia,69.4,1998
Washington,64.9,1998
West Virginia,74.8,1998
Wisconsin,70.1,1998
Wyoming,70,1998
Alabama,74.8,1999
Alaska,66.4,1999
Arizona,66.3,1999
Arkansas,65.6,1999
California,55.7,1999
Colorado,68.1,1999
Connecticut,69.1,1999
Delaware,71.6,1999
District of Columbia,40,1999
Florida,67.6,1999
Georgia,71.3,1999
Hawaii,56.6,1999
Idaho,70.3,1999
Illinois,67.1,1999
Indiana,72.9,1999
Iowa,73.9,1999
Kansas,67.5,1999
Kentucky,73.9,1999
Louisiana,66.8,1999
Maine,77.4,1999
Maryland,69.6,1999
Massachusetts,60.3,1999
Michigan,76.5,1999
Minnesota,76.1,1999
Mississippi,74.9,1999
Missouri,72.9,1999
Montana,70.6,1999
Nebraska,70.9,1999
Nevada,63.7,1999
New Hampshire,70.2,1999
New Jersey,64.5,1999
New Mexico,72.6,1999
New York,52.8,1999
North Carolina,71.7,1999
North Dakota,70.1,1999
Ohio,70.7,1999
Oklahoma,71.5,1999
Oregon,64.3,1999
Pennsylvania,75.2,1999
Rhode Island,60.6,1999
South Carolina,77.1,1999
South Dakota,70.7,1999
Tennessee,71.9,1999
Texas,62.9,1999
Utah,74.7,1999
Vermont,69.1,1999
Virginia,71.2,1999
Washington,64.8,1999
West Virginia,74.8,1999
Wisconsin,70.9,1999
Wyoming,69.8,1999
Alabama,73.2,2000
Alaska,66.4,2000
Arizona,68,2000
Arkansas,68.9,2000
California,57.1,2000
Colorado,68.3,2000
Connecticut,70,2000
Delaware,72,2000
District of Columbia,41.9,2000
Florida,68.4,2000
Georgia,69.8,2000
Hawaii,55.2,2000
Idaho,70.5,2000
Illinois,67.9,2000
Indiana,74.9,2000
Iowa,75.2,2000
Kansas,69.3,2000
Kentucky,73.4,2000
Louisiana,68.1,2000
Maine,76.5,2000
Maryland,69.9,2000
Massachusetts,59.9,2000
Michigan,77.2,2000
Minnesota,76.1,2000
Mississippi,75.2,2000
Missouri,74.2,2000
Montana,70.2,2000
Nebraska,70.2,2000
Nevada,64,2000
New Hampshire,69.2,2000
New Jersey,66.2,2000
New Mexico,73.7,2000
New York,53.4,2000
North Carolina,71.1,2000
North Dakota,70.7,2000
Ohio,71.3,2000
Oklahoma,72.7,2000
Oregon,65.3,2000
Pennsylvania,74.7,2000
Rhode Island,61.5,2000
South Carolina,76.5,2000
South Dakota,71.2,2000
Tennessee,70.9,2000
Texas,63.8,2000
Utah,72.7,2000
Vermont,68.7,2000
Virginia,73.9,2000
Washington,63.6,2000
West Virginia,75.9,2000
Wisconsin,71.8,2000
Wyoming,71,2000
Alabama,73.2,2001
Alaska,65.3,2001
Arizona,68.1,2001
Arkansas,71.2,2001
California,58.2,2001
Colorado,68.5,2001
Connecticut,71.8,2001
Delaware,75.4,2001
District of Columbia,42.7,2001
Florida,69.2,2001
Georgia,70.1,2001
Hawaii,55.5,2001
Idaho,71.7,2001
Illinois,69.4,2001
Indiana,75.3,2001
Iowa,76.6,2001
Kansas,70.4,2001
Kentucky,73.9,2001
Louisiana,67.1,2001
Maine,75.5,2001
Maryland,70.7,2001
Massachusetts,60.6,2001
Michigan,77.1,2001
Minnesota,76.1,2001
Mississippi,74.5,2001
Missouri,74,2001
Montana,68.3,2001
Nebraska,70.1,2001
Nevada,64.6,2001
New Hampshire,68.4,2001
New Jersey,66.5,2001
New Mexico,70.8,2001
New York,53.9,2001
North Carolina,71.3,2001
North Dakota,71,2001
Ohio,71.2,2001
Oklahoma,71.5,2001
Oregon,65.8,2001
Pennsylvania,74.3,2001
Rhode Island,60.1,2001
South Carolina,76.1,2001
South Dakota,71.5,2001
Tennessee,69.7,2001
Texas,63.9,2001
Utah,72.4,2001
Vermont,69.8,2001
Virginia,75.1,2001
Washington,66.4,2001
West Virginia,76.4,2001
Wisconsin,72.3,2001
Wyoming,73.5,2001
Alabama,73.5,2002
Alaska,67.3,2002
Arizona,65.9,2002
Arkansas,70.2,2002
California,58,2002
Colorado,69.1,2002
Connecticut,71.6,2002
Delaware,75.6,2002
District of Columbia,44.1,2002
Florida,68.7,2002
Georgia,71.7,2002
Hawaii,57.4,2002
Idaho,73,2002
Illinois,70.2,2002
Indiana,75,2002
Iowa,73.9,2002
Kansas,70.2,2002
Kentucky,73.5,2002
Louisiana,67.1,2002
Maine,73.9,2002
Maryland,72,2002
Massachusetts,62.7,2002
Michigan,76,2002
Minnesota,77.3,2002
Mississippi,74.8,2002
Missouri,74.6,2002
Montana,69.3,2002
Nebraska,68.4,2002
Nevada,65.5,2002
New Hampshire,69.5,2002
New Jersey,67.2,2002
New Mexico,70.3,2002
New York,55,2002
North Carolina,70,2002
North Dakota,69.5,2002
Ohio,72,2002
Oklahoma,69.4,2002
Oregon,66.2,2002
Pennsylvania,74,2002
Rhode Island,59.6,2002
South Carolina,77.3,2002
South Dakota,71.5,2002
Tennessee,70.1,2002
Texas,63.8,2002
Utah,72.7,2002
Vermont,70.2,2002
Virginia,74.3,2002
Washington,67,2002
West Virginia,77,2002
Wisconsin,72,2002
Wyoming,72.8,2002
Alabama,76.2,2003
Alaska,70,2003
Arizona,67,2003
Arkansas,69.6,2003
California,58.9,2003
Colorado,71.3,2003
Connecticut,73,2003
Delaware,77.2,2003
District of Columbia,43,2003
Florida,69.5,2003
Georgia,71.4,2003
Hawaii,58.3,2003
Idaho,74.4,2003
Illinois,70.7,2003
Indiana,74.4,2003
Iowa,73.4,2003
Kansas,70.3,2003
Kentucky,74.4,2003
Louisiana,67.5,2003
Maine,73.7,2003
Maryland,71.6,2003
Massachusetts,64.3,2003
Michigan,75.6,2003
Minnesota,77.2,2003
Mississippi,73.4,2003
Missouri,74,2003
Montana,71.5,2003
Nebraska,69.5,2003
Nevada,64.8,2003
New Hampshire,74.4,2003
New Jersey,66.9,2003
New Mexico,70.3,2003
New York,54.3,2003
North Carolina,70,2003
North Dakota,68.7,2003
Ohio,72.8,2003
Oklahoma,69.1,2003
Oregon,68,2003
Pennsylvania,73.7,2003
Rhode Island,59.9,2003
South Carolina,75,2003
South Dakota,70.9,2003
Tennessee,70.8,2003
Texas,64.5,2003
Utah,73.4,2003
Vermont,71.4,2003
Virginia,75,2003
Washington,65.9,2003
West Virginia,78.1,2003
Wisconsin,72.8,2003
Wyoming,72.9,2003
Alabama,78,2004
Alaska,67.2,2004
Arizona,68.7,2004
Arkansas,69.1,2004
California,59.7,2004
Colorado,71.1,2004
Connecticut,71.7,2004
Delaware,77.3,2004
District of Columbia,45.6,2004
Florida,72.2,2004
Georgia,70.9,2004
Hawaii,60.6,2004
Idaho,73.7,2004
Illinois,72.7,2004
Indiana,75.8,2004
Iowa,73.2,2004
Kansas,69.9,2004
Kentucky,73.3,2004
Louisiana,70.6,2004
Maine,74.7,2004
Maryland,72.1,2004
Massachusetts,63.8,2004
Michigan,77.1,2004
Minnesota,76.4,2004
Mississippi,74,2004
Missouri,72.4,2004
Montana,72.4,2004
Nebraska,71.2,2004
Nevada,65.7,2004
New Hampshire,73.3,2004
New Jersey,68.8,2004
New Mexico,71.5,2004
New York,54.8,2004
North Carolina,69.8,2004
North Dakota,70,2004
Ohio,73.1,2004
Oklahoma,71.1,2004
Oregon,69,2004
Pennsylvania,74.9,2004
Rhode Island,61.5,2004
South Carolina,76.2,2004
South Dakota,68.5,2004
Tennessee,71.6,2004
Texas,65.5,2004
Utah,74.9,2004
Vermont,72,2004
Virginia,73.4,2004
Washington,66,2004
West Virginia,80.3,2004
Wisconsin,73.3,2004
Wyoming,72.8,2004
Alabama,76.6,2005
Alaska,66,2005
Arizona,71.1,2005
Arkansas,69.2,2005
California,59.7,2005
Colorado,71,2005
Connecticut,70.5,2005
Delaware,75.8,2005
District of Columbia,45.8,2005
Florida,72.4,2005
Georgia,67.9,2005
Hawaii,59.8,2005
Idaho,74.2,2005
Illinois,70.9,2005
Indiana,75,2005
Iowa,73.9,2005
Kansas,69.5,2005
Kentucky,71.6,2005
Louisiana,72.5,2005
Maine,73.9,2005
Maryland,71.2,2005
Massachusetts,63.4,2005
Michigan,76.4,2005
Minnesota,76.5,2005
Mississippi,78.8,2005
Missouri,72.3,2005
Montana,70.4,2005
Nebraska,70.2,2005
Nevada,63.4,2005
New Hampshire,74,2005
New Jersey,70.1,2005
New Mexico,71.4,2005
New York,55.9,2005
North Carolina,70.9,2005
North Dakota,68.5,2005
Ohio,73.3,2005
Oklahoma,72.9,2005
Oregon,68.2,2005
Pennsylvania,73.3,2005
Rhode Island,63.1,2005
South Carolina,73.9,2005
South Dakota,68.4,2005
Tennessee,72.4,2005
Texas,65.9,2005
Utah,73.9,2005
Vermont,74.2,2005
Virginia,71.2,2005
Washington,67.6,2005
West Virginia,81.3,2005
Wisconsin,71.1,2005
Wyoming,72.8,2005
Alabama,74.2,2006
Alaska,67.2,2006
Arizona,71.6,2006
Arkansas,70.8,2006
California,60.2,2006
Colorado,70.1,2006
Connecticut,71.1,2006
Delaware,76.8,2006
District of Columbia,45.9,2006
Florida,72.4,2006
Georgia,68.5,2006
Hawaii,59.9,2006
Idaho,75.1,2006
Illinois,70.4,2006
Indiana,74.2,2006
Iowa,74,2006
Kansas,70,2006
Kentucky,71.7,2006
Louisiana,71.3,2006
Maine,75.3,2006
Maryland,72.6,2006
Massachusetts,65.2,2006
Michigan,77.4,2006
Minnesota,75.6,2006
Mississippi,76.2,2006
Missouri,71.9,2006
Montana,69.5,2006
Nebraska,67.6,2006
Nevada,65.7,2006
New Hampshire,74.2,2006
New Jersey,69,2006
New Mexico,72,2006
New York,55.7,2006
North Carolina,70.2,2006
North Dakota,68.3,2006
Ohio,72.1,2006
Oklahoma,71.6,2006
Oregon,68.1,2006
Pennsylvania,73.2,2006
Rhode Island,64.6,2006
South Carolina,74.2,2006
South Dakota,70.6,2006
Tennessee,71.3,2006
Texas,66,2006
Utah,73.5,2006
Vermont,74,2006
Virginia,71.1,2006
Washington,66.7,2006
West Virginia,78.4,2006
Wisconsin,70.2,2006
Wyoming,73.7,2006
Alabama,73.3,2007
Alaska,66.6,2007
Arizona,70.4,2007
Arkansas,69.5,2007
California,58.3,2007
Colorado,70.2,2007
Connecticut,70.3,2007
Delaware,76.8,2007
District of Columbia,47.2,2007
Florida,71.8,2007
Georgia,67.6,2007
Hawaii,60.1,2007
Idaho,74.5,2007
Illinois,69.4,2007
Indiana,73.8,2007
Iowa,73.7,2007
Kansas,69.4,2007
Kentucky,72.9,2007
Louisiana,71.5,2007
Maine,74.3,2007
Maryland,71.7,2007
Massachusetts,64.3,2007
Michigan,76.4,2007
Minnesota,73.5,2007
Mississippi,74,2007
Missouri,70.4,2007
Montana,67.3,2007
Nebraska,68.2,2007
Nevada,63.3,2007
New Hampshire,73.8,2007
New Jersey,68.3,2007
New Mexico,71.5,2007
New York,55.9,2007
North Carolina,70.3,2007
North Dakota,66,2007
Ohio,71.4,2007
Oklahoma,70.3,2007
Oregon,65.7,2007
Pennsylvania,72.9,2007
Rhode Island,64.9,2007
South Carolina,74.1,2007
South Dakota,70.4,2007
Tennessee,70.2,2007
Texas,66,2007
Utah,74.9,2007
Vermont,73.7,2007
Virginia,71.5,2007
Washington,66.8,2007
West Virginia,77.6,2007
Wisconsin,70.5,2007
Wyoming,73.2,2007
Alabama,73,2008
Alaska,66.4,2008
Arizona,69.1,2008
Arkansas,68.9,2008
California,57.5,2008
Colorado,69,2008
Connecticut,70.7,2008
Delaware,76.2,2008
District of Columbia,44.1,2008
Florida,71.1,2008
Georgia,68.2,2008
Hawaii,59.1,2008
Idaho,75,2008
Illinois,68.9,2008
Indiana,74.4,2008
Iowa,74,2008
Kansas,68.8,2008
Kentucky,72.8,2008
Louisiana,73.5,2008
Maine,73.9,2008
Maryland,70.6,2008
Massachusetts,65.7,2008
Michigan,75.9,2008
Minnesota,73.1,2008
Mississippi,75.4,2008
Missouri,71.4,2008
Montana,70.3,2008
Nebraska,69.6,2008
Nevada,63.6,2008
New Hampshire,75,2008
New Jersey,67.3,2008
New Mexico,70.4,2008
New York,55,2008
North Carolina,69.4,2008
North Dakota,66.6,2008
Ohio,70.8,2008
Oklahoma,70.4,2008
Oregon,66.2,2008
Pennsylvania,72.6,2008
Rhode Island,64.5,2008
South Carolina,73.9,2008
South Dakota,70.4,2008
Tennessee,71.7,2008
Texas,65.5,2008
Utah,76.2,2008
Vermont,72.8,2008
Virginia,70.6,2008
Washington,66.2,2008
West Virginia,77.8,2008
Wisconsin,70.4,2008
Wyoming,73.3,2008
Alabama,74.1,2009
Alaska,66.8,2009
Arizona,68.9,2009
Arkansas,68.5,2009
California,57,2009
Colorado,68.4,2009
Connecticut,70.5,2009
Delaware,76.5,2009
District of Columbia,44.9,2009
Florida,70.9,2009
Georgia,67.4,2009
Hawaii,59.5,2009
Idaho,75.5,2009
Illinois,69.1,2009
Indiana,72,2009
Iowa,72.4,2009
Kansas,67.4,2009
Kentucky,71.2,2009
Louisiana,71.9,2009
Maine,74,2009
Maryland,69.6,2009
Massachusetts,65.1,2009
Michigan,74.5,2009
Minnesota,72.9,2009
Mississippi,75.5,2009
Missouri,72,2009
Montana,70.7,2009
Nebraska,70.2,2009
Nevada,62.4,2009
New Hampshire,76,2009
New Jersey,65.9,2009
New Mexico,69.1,2009
New York,54.4,2009
North Carolina,70.1,2009
North Dakota,65.7,2009
Ohio,69.7,2009
Oklahoma,69.6,2009
Oregon,68.2,2009
Pennsylvania,72.2,2009
Rhode Island,62.9,2009
South Carolina,74.4,2009
South Dakota,69.6,2009
Tennessee,71.1,2009
Texas,65.4,2009
Utah,74.1,2009
Vermont,74.3,2009
Virginia,69.7,2009
Washington,65.5,2009
West Virginia,78.7,2009
Wisconsin,70.4,2009
Wyoming,73.8,2009
Alabama,73.2,2010
Alaska,65.7,2010
Arizona,66.6,2010
Arkansas,67.9,2010
California,56.1,2010
Colorado,68.5,2010
Connecticut,70.8,2010
Delaware,74.7,2010
District of Columbia,45.6,2010
Florida,69.3,2010
Georgia,67.1,2010
Hawaii,56.1,2010
Idaho,72.4,2010
Illinois,68.8,2010
Indiana,71.2,2010
Iowa,71.1,2010
Kansas,67.4,2010
Kentucky,70.3,2010
Louisiana,70.4,2010
Maine,73.8,2010
Maryland,68.9,2010
Massachusetts,65.3,2010
Michigan,74.5,2010
Minnesota,72.6,2010
Mississippi,74.8,2010
Missouri,71.2,2010
Montana,68.1,2010
Nebraska,70.4,2010
Nevada,59.7,2010
New Hampshire,74.9,2010
New Jersey,66.5,2010
New Mexico,68.6,2010
New York,54.5,2010
North Carolina,69.5,2010
North Dakota,67.1,2010
Ohio,69.7,2010
Oklahoma,69.2,2010
Oregon,66.3,2010
Pennsylvania,72.2,2010
Rhode Island,62.8,2010
South Carolina,74.8,2010
South Dakota,70.6,2010
Tennessee,71,2010
Texas,65.3,2010
Utah,72.5,2010
Vermont,73.6,2010
Virginia,68.7,2010
Washington,64.4,2010
West Virginia,79,2010
Wisconsin,71,2010
Wyoming,73.4,2010
Alabama,72.9,2011
Alaska,64.4,2011
Arizona,66,2011
Arkansas,67.6,2011
California,55.3,2011
Colorado,65.9,2011
Connecticut,70.6,2011
Delaware,74.2,2011
District of Columbia,44.8,2011
Florida,69,2011
Georgia,66.2,2011
Hawaii,55.4,2011
Idaho,72.4,2011
Illinois,68.4,2011
Indiana,72.1,2011
Iowa,71.2,2011
Kansas,65.4,2011
Kentucky,69.1,2011
Louisiana,70.1,2011
Maine,73.9,2011
Maryland,69.7,2011
Massachusetts,65.3,2011
Michigan,74.1,2011
Minnesota,71.3,2011
Mississippi,74.8,2011
Missouri,71.1,2011
Montana,68.4,2011
Nebraska,68.9,2011
Nevada,56.2,2011
New Hampshire,74.1,2011
New Jersey,66.4,2011
New Mexico,69.1,2011
New York,53.6,2011
North Carolina,68.3,2011
North Dakota,68.3,2011
Ohio,68.9,2011
Oklahoma,69.4,2011
Oregon,66.4,2011
Pennsylvania,71.1,2011
Rhode Island,63.4,2011
South Carolina,74.2,2011
South Dakota,69.3,2011
Tennessee,69.3,2011
Texas,64.3,2011
Utah,71.4,2011
Vermont,74.6,2011
Virginia,67.9,2011
Washington,64.2,2011
West Virginia,78.7,2011
Wisconsin,68.5,2011
Wyoming,71.1,2011
Alabama,71.9,2012
Alaska,63.7,2012
Arizona,65.3,2012
Arkansas,66,2012
California,54.5,2012
Colorado,65.3,2012
Connecticut,68.8,2012
Delaware,73.4,2012
District of Columbia,45,2012
Florida,67,2012
Georgia,64.3,2012
Hawaii,57.2,2012
Idaho,73,2012
Illinois,66.8,2012
Indiana,72.1,2012
Iowa,70.2,2012
Kansas,63.2,2012
Kentucky,68.7,2012
Louisiana,68.7,2012
Maine,74.1,2012
Maryland,68.5,2012
Massachusetts,65.8,2012
Michigan,74.8,2012
Minnesota,72,2012
Mississippi,74.2,2012
Missouri,70.8,2012
Montana,67.8,2012
Nebraska,69.3,2012
Nevada,55.7,2012
New Hampshire,74.8,2012
New Jersey,66.6,2012
New Mexico,66.8,2012
New York,53.6,2012
North Carolina,67.2,2012
North Dakota,66.2,2012
Ohio,67.9,2012
Oklahoma,68.8,2012
Oregon,66.1,2012
Pennsylvania,71,2012
Rhode Island,62.1,2012
South Carolina,71.5,2012
South Dakota,69.2,2012
Tennessee,67.9,2012
Texas,64.3,2012
Utah,71.1,2012
Vermont,73.4,2012
Virginia,67.8,2012
Washington,63.5,2012
West Virginia,75.8,2012
Wisconsin,67.5,2012
Wyoming,70.3,2012
Alabama,72.7,2013
Alaska,64.6,2013
Arizona,65.1,2013
Arkansas,65.4,2013
California,54.3,2013
Colorado,64.4,2013
Connecticut,68.5,2013
Delaware,74.1,2013
District of Columbia,44.6,2013
Florida,66.1,2013
Georgia,64.2,2013
Hawaii,57.3,2013
Idaho,71.5,2013
Illinois,67.2,2013
Indiana,71.7,2013
Iowa,69.8,2013
Kansas,63.5,2013
Kentucky,67.5,2013
Louisiana,67.8,2013
Maine,73.5,2013
Maryland,66.9,2013
Massachusetts,65.3,2013
Michigan,73.9,2013
Minnesota,73.4,2013
Mississippi,74.2,2013
Missouri,71.3,2013
Montana,67.4,2013
Nebraska,68.2,2013
Nevada,56,2013
New Hampshire,74.1,2013
New Jersey,64.9,2013
New Mexico,67.3,2013
New York,53,2013
North Carolina,67.3,2013
North Dakota,68,2013
Ohio,67.9,2013
Oklahoma,69.9,2013
Oregon,64.2,2013
Pennsylvania,71.5,2013
Rhode Island,61.5,2013
South Carolina,72.4,2013
South Dakota,67.8,2013
Tennessee,66.8,2013
Texas,63.3,2013
Utah,70.9,2013
Vermont,73,2013
Virginia,68.1,2013
Washington,62.7,2013
West Virginia,76.8,2013
Wisconsin,68.5,2013
Wyoming,70.5,2013
Alabama,71.5,2014
Alaska,63.5,2014
Arizona,64,2014
Arkansas,66.2,2014
California,54.4,2014
Colorado,64.4,2014
Connecticut,67.9,2014
Delaware,73.6,2014
District of Columbia,43.3,2014
Florida,66,2014
Georgia,63.8,2014
Hawaii,57.9,2014
Idaho,71.5,2014
Illinois,66.5,2014
Indiana,71.1,2014
Iowa,69.6,2014
Kansas,63.9,2014
Kentucky,68,2014
Louisiana,66.6,2014
Maine,72.5,2014
Maryland,67.5,2014
Massachusetts,63.9,2014
Michigan,74.4,2014
Minnesota,71.8,2014
Mississippi,73,2014
Missouri,70.2,2014
Montana,67.2,2014
Nebraska,68.5,2014
Nevada,55.5,2014
New Hampshire,73.5,2014
New Jersey,65.2,2014
New Mexico,66.9,2014
New York,52.7,2014
North Carolina,66.6,2014
North Dakota,65.3,2014
Ohio,67.4,2014
Oklahoma,68.7,2014
Oregon,63.8,2014
Pennsylvania,70.7,2014
Rhode Island,60.8,2014
South Carolina,70.3,2014
South Dakota,69,2014
Tennessee,67.1,2014
Texas,63.2,2014
Utah,70.6,2014
Vermont,72.7,2014
Virginia,67.7,2014
Washington,62.9,2014
West Virginia,75.8,2014
Wisconsin,67.5,2014
Wyoming,70.2,2014
Alabama,70,2015
Alaska,62.3,2015
Arizona,61.7,2015
Arkansas,67.1,2015
California,54.3,2015
Colorado,63.6,2015
Connecticut,66.5,2015
Delaware,73.3,2015
District of Columbia,40.4,2015
Florida,64.8,2015
Georgia,62.9,2015
Hawaii,59.3,2015
Idaho,70,2015
Illinois,65.4,2015
Indiana,69.4,2015
Iowa,68.8,2015
Kansas,64.9,2015
Kentucky,67.9,2015
Louisiana,63.3,2015
Maine,69.9,2015
Maryland,67.1,2015
Massachusetts,60.5,2015
Michigan,74.6,2015
Minnesota,70.1,2015
Mississippi,70.7,2015
Missouri,68.5,2015
Montana,66.4,2015
Nebraska,68.1,2015
Nevada,54.8,2015
New Hampshire,71.6,2015
New Jersey,64,2015
New Mexico,66.5,2015
New York,51.5,2015
North Carolina,65.2,2015
North Dakota,61.8,2015
Ohio,66.4,2015
Oklahoma,67.4,2015
Oregon,61.1,2015
Pennsylvania,69.6,2015
Rhode Island,58.9,2015
South Carolina,67.1,2015
South Dakota,70.1,2015
Tennessee,66.5,2015
Texas,61.9,2015
Utah,69.9,2015
Vermont,71.8,2015
Virginia,67.1,2015
Washington,62.6,2015
West Virginia,74.9,2015
Wisconsin,66.6,2015
Wyoming,69.9,2015
